"Id","Path","Slice Name","Alias(s)","Label","Min","Max","Must Support?","Is Modifier?","Is Summary?","Type(s)","Short","Definition","Comments","Requirements","Default Value","Meaning When Missing","Fixed Value","Pattern","Example","Minimum Value","Maximum Value","Maximum Length","Binding Strength","Binding Description","Binding Value Set","Code","Slicing Discriminator","Slicing Description","Slicing Ordered","Slicing Rules","Base Path","Base Min","Base Max","Condition(s)","Constraint(s)","Mapping: RIM Mapping"
"MedicationOverviewLM","MedicationOverviewLM","","","",0,*,"","","","null {[]} {[]}
","Medication Overview (model)","Logical model for the whole medication overview (medication schema)","","","","","","","","","",,,,,"",,,,"Base",0,*,"","","n/a"
"MedicationOverviewLM.patient","MedicationOverviewLM.patient","","","",1,1,"","","","Reference {[]} {[CanonicalType[http://profiles.ihe.net/PHARM/MEOW/StructureDefinition/PatientLM]]}
","Patient","Patient","","","","","","","","","",,,,,"",,,,"MedicationOverviewLM.patient",1,1,"",""
"MedicationOverviewLM.medicationTreatmentLine","MedicationOverviewLM.medicationTreatmentLine","","","",0,*,"","","","Reference {[]} {[CanonicalType[http://profiles.ihe.net/PHARM/MEOW/StructureDefinition/MedicationTreatmentLineLM]]}
","List item in the list of all current medication based treatments. Each line can be verified or unverified.","List item in the list of all current medication based treatments. Each line can be verified or unverified.","","","","","","","","","",,,,,"",,,,"MedicationOverviewLM.medicationTreatmentLine",0,*,"",""
"MedicationOverviewLM.verification","MedicationOverviewLM.verification","","","",0,1,"","","","BackboneElement {[]} {[]}
","Verification of overview","Verification of overview","","","","","","","","","",,,,,"",,,,"MedicationOverviewLM.verification",0,1,"","ele-1:All FHIR elements must have a @value or children {hasValue() or (children().count() > id.count())}
"
"MedicationOverviewLM.verification.id","MedicationOverviewLM.verification.id","","","",0,1,"","","","id {[]} {[]}
","Unique id for inter-element referencing","Unique id for the element within a resource (for internal references). This may be any string value that does not contain spaces.","","","","","","","","","",,,,,"",,,,"Element.id",0,1,"ele-1
","","n/a"
"MedicationOverviewLM.verification.extension","MedicationOverviewLM.verification.extension","","extensions
user content","",0,*,"","","","Extension {[]} {[]}
","Additional content defined by implementations","May be used to represent additional information that is not part of the basic definition of the element. To make the use of extensions safe and managable, there is a strict set of governance applied to the definition and use of extensions. Though any implementer can define an extension, there is a set of requirements that SHALL be met as part of the definition of the extension.","There can be no stigma associated with the use of extensions by any application, project, or standard - regardless of the institution or jurisdiction that uses or defines the extensions.  The use of extensions is what allows the FHIR specification to retain a core level of simplicity for everyone.","","","","","","","","",,,,,"","value:url}
","Extensions are always sliced by (at least) url",,"open","Element.extension",0,*,"","ele-1:All FHIR elements must have a @value or children {hasValue() or (children().count() > id.count())}
ext-1:Must have either extensions or value[x], not both {extension.exists() != value.exists()}","n/a"
"MedicationOverviewLM.verification.modifierExtension","MedicationOverviewLM.verification.modifierExtension","","extensions
user contentmodifiers","",0,*,"","Y","Y","Extension {[]} {[]}
","Extensions that cannot be ignored even if unrecognized","May be used to represent additional information that is not part of the basic definition of the element and that modifies the understanding of the element in which it is contained and/or the understanding of the containing element's descendants. Usually modifier elements provide negation or qualification. To make the use of extensions safe and managable, there is a strict set of governance applied to the definition and use of extensions. Though any implementer can define an extension, there is a set of requirements that SHALL be met as part of the definition of the extension. Applications processing a resource are required to check for modifier extensions.

Modifier extensions SHALL NOT change the meaning of any elements on Resource or DomainResource (including cannot change the meaning of modifierExtension itself).","There can be no stigma associated with the use of extensions by any application, project, or standard - regardless of the institution or jurisdiction that uses or defines the extensions.  The use of extensions is what allows the FHIR specification to retain a core level of simplicity for everyone.","Modifier extensions allow for extensions that *cannot* be safely ignored to be clearly distinguished from the vast majority of extensions which can be safely ignored.  This promotes interoperability by eliminating the need for implementers to prohibit the presence of extensions. For further information, see the [definition of modifier extensions](http://hl7.org/fhir/R5/extensibility.html#modifierExtension).","","","","","","","",,,,,"",,,,"BackboneElement.modifierExtension",0,*,"","ele-1:All FHIR elements must have a @value or children {hasValue() or (children().count() > id.count())}
ext-1:Must have either extensions or value[x], not both {extension.exists() != value.exists()}","N/A"
"MedicationOverviewLM.verification.practicioner","MedicationOverviewLM.verification.practicioner","","","",1,1,"","","","Reference {[]} {[CanonicalType[http://profiles.ihe.net/PHARM/MEOW/StructureDefinition/PractitionerLM]]}
","HCP verifying the treatments/overview","HCP verifying the treatments/overview","","","","","","","","","",,,,,"",,,,"MedicationOverviewLM.verification.practicioner",1,1,"",""
"MedicationOverviewLM.verification.verificationTime","MedicationOverviewLM.verification.verificationTime","","","",1,1,"","","","dateTime {[]} {[]}
","Time of the verification of the overview","Time of the verification of the overview","","","","","","","","","",,,,,"",,,,"MedicationOverviewLM.verification.verificationTime",1,1,"",""
"MedicationOverviewLM.comment","MedicationOverviewLM.comment","","","",0,*,"","","","BackboneElement {[]} {[]}
","Comment on the full overview","Comment on the full overview","","","","","","","","","",,,,,"",,,,"MedicationOverviewLM.comment",0,*,"","ele-1:All FHIR elements must have a @value or children {hasValue() or (children().count() > id.count())}
"
"MedicationOverviewLM.comment.id","MedicationOverviewLM.comment.id","","","",0,1,"","","","id {[]} {[]}
","Unique id for inter-element referencing","Unique id for the element within a resource (for internal references). This may be any string value that does not contain spaces.","","","","","","","","","",,,,,"",,,,"Element.id",0,1,"ele-1
","","n/a"
"MedicationOverviewLM.comment.extension","MedicationOverviewLM.comment.extension","","extensions
user content","",0,*,"","","","Extension {[]} {[]}
","Additional content defined by implementations","May be used to represent additional information that is not part of the basic definition of the element. To make the use of extensions safe and managable, there is a strict set of governance applied to the definition and use of extensions. Though any implementer can define an extension, there is a set of requirements that SHALL be met as part of the definition of the extension.","There can be no stigma associated with the use of extensions by any application, project, or standard - regardless of the institution or jurisdiction that uses or defines the extensions.  The use of extensions is what allows the FHIR specification to retain a core level of simplicity for everyone.","","","","","","","","",,,,,"","value:url}
","Extensions are always sliced by (at least) url",,"open","Element.extension",0,*,"","ele-1:All FHIR elements must have a @value or children {hasValue() or (children().count() > id.count())}
ext-1:Must have either extensions or value[x], not both {extension.exists() != value.exists()}","n/a"
"MedicationOverviewLM.comment.modifierExtension","MedicationOverviewLM.comment.modifierExtension","","extensions
user contentmodifiers","",0,*,"","Y","Y","Extension {[]} {[]}
","Extensions that cannot be ignored even if unrecognized","May be used to represent additional information that is not part of the basic definition of the element and that modifies the understanding of the element in which it is contained and/or the understanding of the containing element's descendants. Usually modifier elements provide negation or qualification. To make the use of extensions safe and managable, there is a strict set of governance applied to the definition and use of extensions. Though any implementer can define an extension, there is a set of requirements that SHALL be met as part of the definition of the extension. Applications processing a resource are required to check for modifier extensions.

Modifier extensions SHALL NOT change the meaning of any elements on Resource or DomainResource (including cannot change the meaning of modifierExtension itself).","There can be no stigma associated with the use of extensions by any application, project, or standard - regardless of the institution or jurisdiction that uses or defines the extensions.  The use of extensions is what allows the FHIR specification to retain a core level of simplicity for everyone.","Modifier extensions allow for extensions that *cannot* be safely ignored to be clearly distinguished from the vast majority of extensions which can be safely ignored.  This promotes interoperability by eliminating the need for implementers to prohibit the presence of extensions. For further information, see the [definition of modifier extensions](http://hl7.org/fhir/R5/extensibility.html#modifierExtension).","","","","","","","",,,,,"",,,,"BackboneElement.modifierExtension",0,*,"","ele-1:All FHIR elements must have a @value or children {hasValue() or (children().count() > id.count())}
ext-1:Must have either extensions or value[x], not both {extension.exists() != value.exists()}","N/A"
"MedicationOverviewLM.comment.author","MedicationOverviewLM.comment.author","","","",1,1,"","","","Reference {[]} {[CanonicalType[http://profiles.ihe.net/PHARM/MEOW/StructureDefinition/PractitionerLM]]}
","author of the comment (pharmacist, doctor, social carer)","author of the comment (pharmacist, doctor, social carer)","","","","","","","","","",,,,,"",,,,"MedicationOverviewLM.comment.author",1,1,"",""
"MedicationOverviewLM.comment.date","MedicationOverviewLM.comment.date","","","",1,1,"","","","dateTime {[]} {[]}
","time of comment","time of comment","","","","","","","","","",,,,,"",,,,"MedicationOverviewLM.comment.date",1,1,"",""
"MedicationOverviewLM.comment.commentText","MedicationOverviewLM.comment.commentText","","","",1,1,"","","","string {[]} {[]}
","content of the comment","content of the comment","","","","","","","","","",,,,,"",,,,"MedicationOverviewLM.comment.commentText",1,1,"",""
"MedicationOverviewLM.comment.subject","MedicationOverviewLM.comment.subject","","","",0,*,"","","","Reference {[]} {[]}
","What the comment is about. It can reference either a treatment line, treatment, or full overview","What the comment is about. It can reference either a treatment line, treatment, or full overview","","","","","","","","","",,,,,"",,,,"MedicationOverviewLM.comment.subject",0,*,"",""
