"Id","Path","Slice Name","Alias(s)","Label","Min","Max","Must Support?","Is Modifier?","Is Summary?","Type(s)","Short","Definition","Comments","Requirements","Default Value","Meaning When Missing","Fixed Value","Pattern","Example","Minimum Value","Maximum Value","Maximum Length","Binding Strength","Binding Description","Binding Value Set","Code","Slicing Discriminator","Slicing Description","Slicing Ordered","Slicing Rules","Base Path","Base Min","Base Max","Condition(s)","Constraint(s)","Mapping: RIM Mapping"
"MedicationTreatmentLineLM","MedicationTreatmentLineLM","","","",0,*,"","","","null {[]} {[]}
","Medication Treatment Line (model)","Logical model for representing one line/medication in medication overview.","","","","","","","","","",,,,,"",,,,"Base",0,*,"","","n/a"
"MedicationTreatmentLineLM.identifier","MedicationTreatmentLineLM.identifier","","","",0,*,"","","","Identifier {[]} {[]}
","Unique business identifier(s) for the medication treatment line","Unique business identifier(s) for the medication treatment line","","","","","","","","","",,,,,"",,,,"MedicationTreatmentLineLM.identifier",0,*,"",""
"MedicationTreatmentLineLM.medication[x]","MedicationTreatmentLineLM.medication[x]","","","",1,1,"","","","CodeableConcept {[]} {[]}
Reference {[]} {[CanonicalType[http://profiles.ihe.net/PHARM/MEOW/StructureDefinition/MedicinalProductLM]]}","Medicinal product for which the treatment line refers to. Identification or sufficient description of the product.","Medicinal product for which the treatment line refers to. Identification or sufficient description of the product.","","","","","","","","","",,,,,"",,,,"MedicationTreatmentLineLM.medication[x]",1,1,"",""
"MedicationTreatmentLineLM.status","MedicationTreatmentLineLM.status","","","",1,1,"","","","CodeableConcept {[]} {[]}
","Status of the treatment line entry","Status of the record, not the status of the treatment.","","","","","","","","","",,,,,"",,,,"MedicationTreatmentLineLM.status",1,1,"",""
"MedicationTreatmentLineLM.version","MedicationTreatmentLineLM.version","","","",0,1,"","","","string {[]} {[]}
","Business version of the treatment line","Business version of the treatment line","","","","","","","","","",,,,,"",,,,"MedicationTreatmentLineLM.version",0,1,"",""
"MedicationTreatmentLineLM.timestamp","MedicationTreatmentLineLM.timestamp","","","",0,1,"","","","dateTime {[]} {[]}
","Timestamp of the version of the treatment line","Timestamp of the version of the treatment line","","","","","","","","","",,,,,"",,,,"MedicationTreatmentLineLM.timestamp",0,1,"",""
"MedicationTreatmentLineLM.treatmentStatus","MedicationTreatmentLineLM.treatmentStatus","","","",0,1,"","","","CodeableConcept {[]} {[]}
","The state of the actual treatment - taking, not taken...","The state of the actual treatment - taking, not taken...","","","","","","","","","",,,,,"",,,,"MedicationTreatmentLineLM.treatmentStatus",0,1,"",""
"MedicationTreatmentLineLM.treatmentStatusReasonCode","MedicationTreatmentLineLM.treatmentStatusReasonCode","","","",0,1,"","","","CodeableConcept {[]} {[]}
","The reason - coded - for the treatment status - i.e. adverse events, refusal...","The reason - coded - for the treatment status - i.e. adverse events, refusal...","","","","","","","","","",,,,,"",,,,"MedicationTreatmentLineLM.treatmentStatusReasonCode",0,1,"",""
"MedicationTreatmentLineLM.treatmentStatusReasonText","MedicationTreatmentLineLM.treatmentStatusReasonText","","","",0,1,"","","","string {[]} {[]}
","The reason - free text - for the treatment status - i.e. adverse events, refusal...","The reason - free text - for the treatment status - i.e. adverse events, refusal...","","","","","","","","","",,,,,"",,,,"MedicationTreatmentLineLM.treatmentStatusReasonText",0,1,"",""
"MedicationTreatmentLineLM.effectivePeriod","MedicationTreatmentLineLM.effectivePeriod","","","",0,1,"","","","BackboneElement {[]} {[]}
","The period of time the treatment is in effect","The period of time the treatment is in effect","","","","","","","","","",,,,,"",,,,"MedicationTreatmentLineLM.effectivePeriod",0,1,"",""
"MedicationTreatmentLineLM.verificationInformation","MedicationTreatmentLineLM.verificationInformation","","","",0,*,"","","","BackboneElement {[]} {[]}
","Verification of medication line","Verification of medication line. The overview is verified as a whole, but each line is equipped with the information. The actual functional meaning and impact of this validation depends on the implementation.","","","","","","","","","",,,,,"",,,,"MedicationTreatmentLineLM.verificationInformation",0,*,"","ele-1:All FHIR elements must have a @value or children {hasValue() or (children().count() > id.count())}
"
"MedicationTreatmentLineLM.verificationInformation.id","MedicationTreatmentLineLM.verificationInformation.id","","","",0,1,"","","","id {[]} {[]}
","Unique id for inter-element referencing","Unique id for the element within a resource (for internal references). This may be any string value that does not contain spaces.","","","","","","","","","",,,,,"",,,,"Element.id",0,1,"ele-1
","","n/a"
"MedicationTreatmentLineLM.verificationInformation.extension","MedicationTreatmentLineLM.verificationInformation.extension","","extensions
user content","",0,*,"","","","Extension {[]} {[]}
","Additional content defined by implementations","May be used to represent additional information that is not part of the basic definition of the element. To make the use of extensions safe and managable, there is a strict set of governance applied to the definition and use of extensions. Though any implementer can define an extension, there is a set of requirements that SHALL be met as part of the definition of the extension.","There can be no stigma associated with the use of extensions by any application, project, or standard - regardless of the institution or jurisdiction that uses or defines the extensions.  The use of extensions is what allows the FHIR specification to retain a core level of simplicity for everyone.","","","","","","","","",,,,,"","value:url}
","Extensions are always sliced by (at least) url",,"open","Element.extension",0,*,"","ele-1:All FHIR elements must have a @value or children {hasValue() or (children().count() > id.count())}
ext-1:Must have either extensions or value[x], not both {extension.exists() != value.exists()}","n/a"
"MedicationTreatmentLineLM.verificationInformation.modifierExtension","MedicationTreatmentLineLM.verificationInformation.modifierExtension","","extensions
user contentmodifiers","",0,*,"","Y","Y","Extension {[]} {[]}
","Extensions that cannot be ignored even if unrecognized","May be used to represent additional information that is not part of the basic definition of the element and that modifies the understanding of the element in which it is contained and/or the understanding of the containing element's descendants. Usually modifier elements provide negation or qualification. To make the use of extensions safe and managable, there is a strict set of governance applied to the definition and use of extensions. Though any implementer can define an extension, there is a set of requirements that SHALL be met as part of the definition of the extension. Applications processing a resource are required to check for modifier extensions.

Modifier extensions SHALL NOT change the meaning of any elements on Resource or DomainResource (including cannot change the meaning of modifierExtension itself).","There can be no stigma associated with the use of extensions by any application, project, or standard - regardless of the institution or jurisdiction that uses or defines the extensions.  The use of extensions is what allows the FHIR specification to retain a core level of simplicity for everyone.","Modifier extensions allow for extensions that *cannot* be safely ignored to be clearly distinguished from the vast majority of extensions which can be safely ignored.  This promotes interoperability by eliminating the need for implementers to prohibit the presence of extensions. For further information, see the [definition of modifier extensions](http://hl7.org/fhir/R5/extensibility.html#modifierExtension).","","","","","","","",,,,,"",,,,"BackboneElement.modifierExtension",0,*,"","ele-1:All FHIR elements must have a @value or children {hasValue() or (children().count() > id.count())}
ext-1:Must have either extensions or value[x], not both {extension.exists() != value.exists()}","N/A"
"MedicationTreatmentLineLM.verificationInformation.verifier","MedicationTreatmentLineLM.verificationInformation.verifier","","","",1,1,"","","","Reference {[]} {[]}
","HCP (or device, if authorized) verifying the treatments/overview","HCP (or device, if authorized) verifying the treatments/overview","","","","","","","","","",,,,,"",,,,"MedicationTreatmentLineLM.verificationInformation.verifier",1,1,"",""
"MedicationTreatmentLineLM.verificationInformation.verificationTime","MedicationTreatmentLineLM.verificationInformation.verificationTime","","","",1,1,"","","","dateTime {[]} {[]}
","The date and time when this medication treatment line was verified","The date and time when this medication treatment line was verified","","","","","","","","","",,,,,"",,,,"MedicationTreatmentLineLM.verificationInformation.verificationTime",1,1,"",""
"MedicationTreatmentLineLM.category","MedicationTreatmentLineLM.category","","","",0,*,"","","","CodeableConcept {[]} {[]}
","Whatever category for the treatment line. Categorisation of treatment lines is implementation-specific.","Whatever category for the treatment line. Categorisation of treatment lines is implementation-specific.","","","","","","","","","",,,,,"",,,,"MedicationTreatmentLineLM.category",0,*,"",""
"MedicationTreatmentLineLM.medicationTreatment","MedicationTreatmentLineLM.medicationTreatment","","","",0,*,"","","","Reference {[]} {[CanonicalType[http://profiles.ihe.net/PHARM/MEOW/StructureDefinition/MedicationTreatmentLM]]}
","Reference or identifier of the group of lines that belong together","Reference or identifier of the group of lines that belong together","","","","","","","","","",,,,,"",,,,"MedicationTreatmentLineLM.medicationTreatment",0,*,"",""
"MedicationTreatmentLineLM.indication","MedicationTreatmentLineLM.indication","","","",0,*,"","","","CodeableConcept {[]} {[]}
","Reason why the product has been prescribed to the patient, or why the patient claims to be taking it","Reason why the product has been prescribed to the patient, or why the patient claims to be taking it","","","","","","","","","",,,,,"",,,,"MedicationTreatmentLineLM.indication",0,*,"",""
"MedicationTreatmentLineLM.indicationText","MedicationTreatmentLineLM.indicationText","","","",0,1,"","","","string {[]} {[]}
","Textual explanation for why the medication has been prescribed or why the patient is taking it. This might not be allowed by some implementations.","Textual explanation for why the medication has been prescribed or why the patient is taking it. This might not be allowed by some implementations.","","","","","","","","","",,,,,"",,,,"MedicationTreatmentLineLM.indicationText",0,1,"",""
"MedicationTreatmentLineLM.intendedUse","MedicationTreatmentLineLM.intendedUse","","","",0,1,"","","","CodeableConcept {[]} {[]}
","Intended Use of the medication - prophylaxis, therapy...","Intended Use of the medication - prophylaxis, therapy...","","","","","","","","","",,,,,"",,,,"MedicationTreatmentLineLM.intendedUse",0,1,"",""
"MedicationTreatmentLineLM.usageInstructions","MedicationTreatmentLineLM.usageInstructions","","","",0,*,"","","","http://profiles.ihe.net/PHARM/MEOW/StructureDefinition/DosagingInformation {[]} {[]}
","Instructions about administration of the product","Instructions about requested or actual administration of the product. This is repeatable to support complex or concurrent dosage instructions. e.g. take 1 per day for 3 weeks; 2x PRN","","","","","","","","","",,,,,"",,,,"MedicationTreatmentLineLM.usageInstructions",0,*,"",""
"MedicationTreatmentLineLM.preparationInstructions","MedicationTreatmentLineLM.preparationInstructions","","","",0,*,"","","","string {[]} {[]}
","Additional instructions about preparation or dispense","Additional instructions about preparation or dispense","","","","","","","","","",,,,,"",,,,"MedicationTreatmentLineLM.preparationInstructions",0,*,"",""
"MedicationTreatmentLineLM.comment","MedicationTreatmentLineLM.comment","","","",0,*,"","","","BackboneElement {[]} {[]}
","Comment on the individual line","Comment on the individual line","","","","","","","","","",,,,,"",,,,"MedicationTreatmentLineLM.comment",0,*,"","ele-1:All FHIR elements must have a @value or children {hasValue() or (children().count() > id.count())}
"
"MedicationTreatmentLineLM.comment.id","MedicationTreatmentLineLM.comment.id","","","",0,1,"","","","id {[]} {[]}
","Unique id for inter-element referencing","Unique id for the element within a resource (for internal references). This may be any string value that does not contain spaces.","","","","","","","","","",,,,,"",,,,"Element.id",0,1,"ele-1
","","n/a"
"MedicationTreatmentLineLM.comment.extension","MedicationTreatmentLineLM.comment.extension","","extensions
user content","",0,*,"","","","Extension {[]} {[]}
","Additional content defined by implementations","May be used to represent additional information that is not part of the basic definition of the element. To make the use of extensions safe and managable, there is a strict set of governance applied to the definition and use of extensions. Though any implementer can define an extension, there is a set of requirements that SHALL be met as part of the definition of the extension.","There can be no stigma associated with the use of extensions by any application, project, or standard - regardless of the institution or jurisdiction that uses or defines the extensions.  The use of extensions is what allows the FHIR specification to retain a core level of simplicity for everyone.","","","","","","","","",,,,,"","value:url}
","Extensions are always sliced by (at least) url",,"open","Element.extension",0,*,"","ele-1:All FHIR elements must have a @value or children {hasValue() or (children().count() > id.count())}
ext-1:Must have either extensions or value[x], not both {extension.exists() != value.exists()}","n/a"
"MedicationTreatmentLineLM.comment.modifierExtension","MedicationTreatmentLineLM.comment.modifierExtension","","extensions
user contentmodifiers","",0,*,"","Y","Y","Extension {[]} {[]}
","Extensions that cannot be ignored even if unrecognized","May be used to represent additional information that is not part of the basic definition of the element and that modifies the understanding of the element in which it is contained and/or the understanding of the containing element's descendants. Usually modifier elements provide negation or qualification. To make the use of extensions safe and managable, there is a strict set of governance applied to the definition and use of extensions. Though any implementer can define an extension, there is a set of requirements that SHALL be met as part of the definition of the extension. Applications processing a resource are required to check for modifier extensions.

Modifier extensions SHALL NOT change the meaning of any elements on Resource or DomainResource (including cannot change the meaning of modifierExtension itself).","There can be no stigma associated with the use of extensions by any application, project, or standard - regardless of the institution or jurisdiction that uses or defines the extensions.  The use of extensions is what allows the FHIR specification to retain a core level of simplicity for everyone.","Modifier extensions allow for extensions that *cannot* be safely ignored to be clearly distinguished from the vast majority of extensions which can be safely ignored.  This promotes interoperability by eliminating the need for implementers to prohibit the presence of extensions. For further information, see the [definition of modifier extensions](http://hl7.org/fhir/R5/extensibility.html#modifierExtension).","","","","","","","",,,,,"",,,,"BackboneElement.modifierExtension",0,*,"","ele-1:All FHIR elements must have a @value or children {hasValue() or (children().count() > id.count())}
ext-1:Must have either extensions or value[x], not both {extension.exists() != value.exists()}","N/A"
"MedicationTreatmentLineLM.comment.author","MedicationTreatmentLineLM.comment.author","","","",1,1,"","","","Reference {[]} {[]}
","Author of the comment (Pharmacist, doctor, social carer, patient, device, related person)","Author of the comment (Pharmacist, doctor, social carer, patient, device, related person)","","","","","","","","","",,,,,"",,,,"MedicationTreatmentLineLM.comment.author",1,1,"",""
"MedicationTreatmentLineLM.comment.date","MedicationTreatmentLineLM.comment.date","","","",1,1,"","","","dateTime {[]} {[]}
","time of comment","time of comment","","","","","","","","","",,,,,"",,,,"MedicationTreatmentLineLM.comment.date",1,1,"",""
"MedicationTreatmentLineLM.comment.commentText","MedicationTreatmentLineLM.comment.commentText","","","",1,1,"","","","string {[]} {[]}
","content of the comment","content of the comment","","","","","","","","","",,,,,"",,,,"MedicationTreatmentLineLM.comment.commentText",1,1,"",""
"MedicationTreatmentLineLM.substitution","MedicationTreatmentLineLM.substitution","","","",0,1,"","","","BackboneElement {[]} {[]}
","Whether and which type of substitution is allowed for this medication treatment line","Whether and which type of substitution is allowed for this medication treatment line","","","","","","","","","",,,,,"",,,,"MedicationTreatmentLineLM.substitution",0,1,"","ele-1:All FHIR elements must have a @value or children {hasValue() or (children().count() > id.count())}
"
"MedicationTreatmentLineLM.substitution.id","MedicationTreatmentLineLM.substitution.id","","","",0,1,"","","","id {[]} {[]}
","Unique id for inter-element referencing","Unique id for the element within a resource (for internal references). This may be any string value that does not contain spaces.","","","","","","","","","",,,,,"",,,,"Element.id",0,1,"ele-1
","","n/a"
"MedicationTreatmentLineLM.substitution.extension","MedicationTreatmentLineLM.substitution.extension","","extensions
user content","",0,*,"","","","Extension {[]} {[]}
","Additional content defined by implementations","May be used to represent additional information that is not part of the basic definition of the element. To make the use of extensions safe and managable, there is a strict set of governance applied to the definition and use of extensions. Though any implementer can define an extension, there is a set of requirements that SHALL be met as part of the definition of the extension.","There can be no stigma associated with the use of extensions by any application, project, or standard - regardless of the institution or jurisdiction that uses or defines the extensions.  The use of extensions is what allows the FHIR specification to retain a core level of simplicity for everyone.","","","","","","","","",,,,,"","value:url}
","Extensions are always sliced by (at least) url",,"open","Element.extension",0,*,"","ele-1:All FHIR elements must have a @value or children {hasValue() or (children().count() > id.count())}
ext-1:Must have either extensions or value[x], not both {extension.exists() != value.exists()}","n/a"
"MedicationTreatmentLineLM.substitution.modifierExtension","MedicationTreatmentLineLM.substitution.modifierExtension","","extensions
user contentmodifiers","",0,*,"","Y","Y","Extension {[]} {[]}
","Extensions that cannot be ignored even if unrecognized","May be used to represent additional information that is not part of the basic definition of the element and that modifies the understanding of the element in which it is contained and/or the understanding of the containing element's descendants. Usually modifier elements provide negation or qualification. To make the use of extensions safe and managable, there is a strict set of governance applied to the definition and use of extensions. Though any implementer can define an extension, there is a set of requirements that SHALL be met as part of the definition of the extension. Applications processing a resource are required to check for modifier extensions.

Modifier extensions SHALL NOT change the meaning of any elements on Resource or DomainResource (including cannot change the meaning of modifierExtension itself).","There can be no stigma associated with the use of extensions by any application, project, or standard - regardless of the institution or jurisdiction that uses or defines the extensions.  The use of extensions is what allows the FHIR specification to retain a core level of simplicity for everyone.","Modifier extensions allow for extensions that *cannot* be safely ignored to be clearly distinguished from the vast majority of extensions which can be safely ignored.  This promotes interoperability by eliminating the need for implementers to prohibit the presence of extensions. For further information, see the [definition of modifier extensions](http://hl7.org/fhir/R5/extensibility.html#modifierExtension).","","","","","","","",,,,,"",,,,"BackboneElement.modifierExtension",0,*,"","ele-1:All FHIR elements must have a @value or children {hasValue() or (children().count() > id.count())}
ext-1:Must have either extensions or value[x], not both {extension.exists() != value.exists()}","N/A"
"MedicationTreatmentLineLM.substitution.substitutionType","MedicationTreatmentLineLM.substitution.substitutionType","","","",1,1,"","","","CodeableConcept {[]} {[]}
","The type of substitution that is allowed.","The type of substitution that is allowed.","","","","","","","","","",,,,,"",,,,"MedicationTreatmentLineLM.substitution.substitutionType",1,1,"",""
"MedicationTreatmentLineLM.substitution.substitutionTypeReason","MedicationTreatmentLineLM.substitution.substitutionTypeReason","","","",0,1,"","","","CodeableConcept {[]} {[]}
","Coded reason for the substitution requirement","Coded reason for the substitution requirement","","","","","","","","","",,,,,"",,,,"MedicationTreatmentLineLM.substitution.substitutionTypeReason",0,1,"",""
"MedicationTreatmentLineLM.substitution.substitutionTypeReasonText","MedicationTreatmentLineLM.substitution.substitutionTypeReasonText","","","",0,1,"","","","string {[]} {[]}
","Textual reason for the substitution requirement","Textual reason for the substitution requirement","","","","","","","","","",,,,,"",,,,"MedicationTreatmentLineLM.substitution.substitutionTypeReasonText",0,1,"",""
"MedicationTreatmentLineLM.recordingMetadata","MedicationTreatmentLineLM.recordingMetadata","","","",1,1,"","","","BackboneElement {[]} {[]}
","Metadata about reporting/authoring of the treatment line","Metadata about reporting/authoring of the treatment line","","","","","","","","","",,,,,"",,,,"MedicationTreatmentLineLM.recordingMetadata",1,1,"","ele-1:All FHIR elements must have a @value or children {hasValue() or (children().count() > id.count())}
"
"MedicationTreatmentLineLM.recordingMetadata.id","MedicationTreatmentLineLM.recordingMetadata.id","","","",0,1,"","","","id {[]} {[]}
","Unique id for inter-element referencing","Unique id for the element within a resource (for internal references). This may be any string value that does not contain spaces.","","","","","","","","","",,,,,"",,,,"Element.id",0,1,"ele-1
","","n/a"
"MedicationTreatmentLineLM.recordingMetadata.extension","MedicationTreatmentLineLM.recordingMetadata.extension","","extensions
user content","",0,*,"","","","Extension {[]} {[]}
","Additional content defined by implementations","May be used to represent additional information that is not part of the basic definition of the element. To make the use of extensions safe and managable, there is a strict set of governance applied to the definition and use of extensions. Though any implementer can define an extension, there is a set of requirements that SHALL be met as part of the definition of the extension.","There can be no stigma associated with the use of extensions by any application, project, or standard - regardless of the institution or jurisdiction that uses or defines the extensions.  The use of extensions is what allows the FHIR specification to retain a core level of simplicity for everyone.","","","","","","","","",,,,,"","value:url}
","Extensions are always sliced by (at least) url",,"open","Element.extension",0,*,"","ele-1:All FHIR elements must have a @value or children {hasValue() or (children().count() > id.count())}
ext-1:Must have either extensions or value[x], not both {extension.exists() != value.exists()}","n/a"
"MedicationTreatmentLineLM.recordingMetadata.modifierExtension","MedicationTreatmentLineLM.recordingMetadata.modifierExtension","","extensions
user contentmodifiers","",0,*,"","Y","Y","Extension {[]} {[]}
","Extensions that cannot be ignored even if unrecognized","May be used to represent additional information that is not part of the basic definition of the element and that modifies the understanding of the element in which it is contained and/or the understanding of the containing element's descendants. Usually modifier elements provide negation or qualification. To make the use of extensions safe and managable, there is a strict set of governance applied to the definition and use of extensions. Though any implementer can define an extension, there is a set of requirements that SHALL be met as part of the definition of the extension. Applications processing a resource are required to check for modifier extensions.

Modifier extensions SHALL NOT change the meaning of any elements on Resource or DomainResource (including cannot change the meaning of modifierExtension itself).","There can be no stigma associated with the use of extensions by any application, project, or standard - regardless of the institution or jurisdiction that uses or defines the extensions.  The use of extensions is what allows the FHIR specification to retain a core level of simplicity for everyone.","Modifier extensions allow for extensions that *cannot* be safely ignored to be clearly distinguished from the vast majority of extensions which can be safely ignored.  This promotes interoperability by eliminating the need for implementers to prohibit the presence of extensions. For further information, see the [definition of modifier extensions](http://hl7.org/fhir/R5/extensibility.html#modifierExtension).","","","","","","","",,,,,"",,,,"BackboneElement.modifierExtension",0,*,"","ele-1:All FHIR elements must have a @value or children {hasValue() or (children().count() > id.count())}
ext-1:Must have either extensions or value[x], not both {extension.exists() != value.exists()}","N/A"
"MedicationTreatmentLineLM.recordingMetadata.recorder","MedicationTreatmentLineLM.recordingMetadata.recorder","","","",1,1,"","","","Reference {[]} {[]}
","Person entering the statement by initiating a treatment or documenting a statement by a patient or another professional. The recorder may be different from the author.","Person entering the statement by initiating a treatment or documenting a statement by a patient or another professional. The recorder may be different from the author.","","","","","","","","","",,,,,"",,,,"MedicationTreatmentLineLM.recordingMetadata.recorder",1,1,"",""
"MedicationTreatmentLineLM.recordingMetadata.recordedTime","MedicationTreatmentLineLM.recordingMetadata.recordedTime","","","",1,1,"","","","dateTime {[]} {[]}
","Time of creation of the treatment line","Time of creation of the treatment line","","","","","","","","","",,,,,"",,,,"MedicationTreatmentLineLM.recordingMetadata.recordedTime",1,1,"",""
"MedicationTreatmentLineLM.recordingMetadata.patientReported","MedicationTreatmentLineLM.recordingMetadata.patientReported","","","",0,1,"","","","boolean {[]} {[]}
","The treatment line has been documented according to patient's statement","The treatment line has been documented according to patient's statement","","","","","","","","","",,,,,"",,,,"MedicationTreatmentLineLM.recordingMetadata.patientReported",0,1,"",""
"MedicationTreatmentLineLM.recordingMetadata.responsibleAuthor","MedicationTreatmentLineLM.recordingMetadata.responsibleAuthor","","","",0,1,"","","","Reference {[]} {[CanonicalType[http://profiles.ihe.net/PHARM/MEOW/StructureDefinition/PractitionerLM]]}
","HCP who takes the clinical decision for the medication treatment line. If an author is not present, the responsibility of the medication line is with the recorder.","HCP who takes the clinical decision for the medication treatment line. If an author is not present, the responsibility of the medication line is with the recorder.","","","","","","","","","",,,,,"",,,,"MedicationTreatmentLineLM.recordingMetadata.responsibleAuthor",0,1,"",""
"MedicationTreatmentLineLM.recordingMetadata.authoringTime","MedicationTreatmentLineLM.recordingMetadata.authoringTime","","","",0,1,"","","","dateTime {[]} {[]}
","The time the clinical decision was made by the responsibleAuthor. Normally, the same time as recording time when it's the same person.","The time the clinical decision was made by the responsibleAuthor. Normally, the same time as recording time when it's the same person.","","","","","","","","","",,,,,"",,,,"MedicationTreatmentLineLM.recordingMetadata.authoringTime",0,1,"",""
"MedicationTreatmentLineLM.derivedFrom","MedicationTreatmentLineLM.derivedFrom","","","",0,*,"","","","BackboneElement {[]} {[]}
","Any data object that this treatment line is derived from","Any data object that this treatment line is derived from","","","","","","","","","",,,,,"",,,,"MedicationTreatmentLineLM.derivedFrom",0,*,"","ele-1:All FHIR elements must have a @value or children {hasValue() or (children().count() > id.count())}
"
"MedicationTreatmentLineLM.derivedFrom.id","MedicationTreatmentLineLM.derivedFrom.id","","","",0,1,"","","","id {[]} {[]}
","Unique id for inter-element referencing","Unique id for the element within a resource (for internal references). This may be any string value that does not contain spaces.","","","","","","","","","",,,,,"",,,,"Element.id",0,1,"ele-1
","","n/a"
"MedicationTreatmentLineLM.derivedFrom.extension","MedicationTreatmentLineLM.derivedFrom.extension","","extensions
user content","",0,*,"","","","Extension {[]} {[]}
","Additional content defined by implementations","May be used to represent additional information that is not part of the basic definition of the element. To make the use of extensions safe and managable, there is a strict set of governance applied to the definition and use of extensions. Though any implementer can define an extension, there is a set of requirements that SHALL be met as part of the definition of the extension.","There can be no stigma associated with the use of extensions by any application, project, or standard - regardless of the institution or jurisdiction that uses or defines the extensions.  The use of extensions is what allows the FHIR specification to retain a core level of simplicity for everyone.","","","","","","","","",,,,,"","value:url}
","Extensions are always sliced by (at least) url",,"open","Element.extension",0,*,"","ele-1:All FHIR elements must have a @value or children {hasValue() or (children().count() > id.count())}
ext-1:Must have either extensions or value[x], not both {extension.exists() != value.exists()}","n/a"
"MedicationTreatmentLineLM.derivedFrom.modifierExtension","MedicationTreatmentLineLM.derivedFrom.modifierExtension","","extensions
user contentmodifiers","",0,*,"","Y","Y","Extension {[]} {[]}
","Extensions that cannot be ignored even if unrecognized","May be used to represent additional information that is not part of the basic definition of the element and that modifies the understanding of the element in which it is contained and/or the understanding of the containing element's descendants. Usually modifier elements provide negation or qualification. To make the use of extensions safe and managable, there is a strict set of governance applied to the definition and use of extensions. Though any implementer can define an extension, there is a set of requirements that SHALL be met as part of the definition of the extension. Applications processing a resource are required to check for modifier extensions.

Modifier extensions SHALL NOT change the meaning of any elements on Resource or DomainResource (including cannot change the meaning of modifierExtension itself).","There can be no stigma associated with the use of extensions by any application, project, or standard - regardless of the institution or jurisdiction that uses or defines the extensions.  The use of extensions is what allows the FHIR specification to retain a core level of simplicity for everyone.","Modifier extensions allow for extensions that *cannot* be safely ignored to be clearly distinguished from the vast majority of extensions which can be safely ignored.  This promotes interoperability by eliminating the need for implementers to prohibit the presence of extensions. For further information, see the [definition of modifier extensions](http://hl7.org/fhir/R5/extensibility.html#modifierExtension).","","","","","","","",,,,,"",,,,"BackboneElement.modifierExtension",0,*,"","ele-1:All FHIR elements must have a @value or children {hasValue() or (children().count() > id.count())}
ext-1:Must have either extensions or value[x], not both {extension.exists() != value.exists()}","N/A"
"MedicationTreatmentLineLM.derivedFrom.request","MedicationTreatmentLineLM.derivedFrom.request","","","",0,*,"","","","Reference {[]} {[]}
","Prescriptions that have been the source for creating the unverified treatment line","Prescriptions that have been the source for creating the unverified treatment line","","","","","","","","","",,,,,"",,,,"MedicationTreatmentLineLM.derivedFrom.request",0,*,"",""
"MedicationTreatmentLineLM.derivedFrom.statement","MedicationTreatmentLineLM.derivedFrom.statement","","","",0,*,"","","","Reference {[]} {[]}
","Medication-related statements from patients, pharmacists, or other HCPs, that are the source for creating the unverified treatment line","Medication-related statements from patients, pharmacists, or other HCPs, that are the source for creating the unverified treatment line","","","","","","","","","",,,,,"",,,,"MedicationTreatmentLineLM.derivedFrom.statement",0,*,"",""
"MedicationTreatmentLineLM.derivedFrom.dispensation","MedicationTreatmentLineLM.derivedFrom.dispensation","","","",0,*,"","","","Reference {[]} {[]}
","Related dispensations that are not necessarily related to existing prescriptions/requests/statements.","Related dispensations that are not necessarily related to existing prescriptions/requests/statements.","","","","","","","","","",,,,,"",,,,"MedicationTreatmentLineLM.derivedFrom.dispensation",0,*,"",""
"MedicationTreatmentLineLM.derivedFrom.administration","MedicationTreatmentLineLM.derivedFrom.administration","","","",0,*,"","","","Reference {[]} {[]}
","Related administrations that are not necessarily related to existing prescriptions/requests/statements.","Related administrations that are not necessarily related to existing prescriptions/requests/statements.","","","","","","","","","",,,,,"",,,,"MedicationTreatmentLineLM.derivedFrom.administration",0,*,"",""
"MedicationTreatmentLineLM.derivedFrom.other","MedicationTreatmentLineLM.derivedFrom.other","","","",0,*,"","","","Reference {[]} {[]}
","Other related sources of information - CarePlan, Immunizations, Documents (e.g. Discharge letters)...","Other related sources of information - CarePlan, Immunizations, Documents (e.g. Discharge letters)...","","","","","","","","","",,,,,"",,,,"MedicationTreatmentLineLM.derivedFrom.other",0,*,"",""
